flex	d-flex
hidden	d-none
block	d-block
inline-block	d-inline-block
inline	d-inline
table	d-table
table-row	d-table-row
table-cell	d-table-cell
flex-col	flex-column
flex-row	flex-row
flex-wrap	flex-wrap
flex-nowrap	flex-nowrap
flex-none	flex-shrink-0
flex-1	flex-grow-1
flex-auto	flex-grow-1
flex-initial	flex-grow-0
items-center	align-items-center
items-start	align-items-start
items-end	align-items-end
items-stretch	align-items-stretch
items-baseline	align-items-baseline
justify-center	justify-content-center
justify-between	justify-content-between
justify-around	justify-content-around
justify-start	justify-content-start
justify-end	justify-content-end
justify-evenly	justify-content-evenly
self-start	align-self-start
self-center	align-self-center
self-end	align-self-end
self-stretch	align-self-stretch
self-auto	align-self-auto
order-first	order-first
order-last	order-last
order-none	order-none
order-1	order-1
order-2	order-2
order-3	order-3
relative	position-relative
absolute	position-absolute
fixed	position-fixed
sticky	position-sticky
static	position-static
inset-0	top-0 bottom-0 start-0 end-0
top-0	top-0
bottom-0	bottom-0
left-0	start-0
right-0	end-0
top-1/2	top-50
bottom-1/2	bottom-50
left-1/2	start-50
right-1/2	end-50
overflow-hidden	overflow-hidden
overflow-auto	overflow-auto
overflow-x-auto	overflow-x-auto
overflow-y-auto	overflow-y-auto
overflow-x-hidden	overflow-x-hidden
overflow-visible	overflow-visible
overflow-y-hidden	overflow-y-hidden
font-bold	fw-bold
font-extrabold	fw-bolder
font-black	fw-bolder
font-semibold	fw-semibold
font-normal	fw-normal
font-light	fw-light
font-medium	fhp-fw5
italic	fst-italic
not-italic	fst-normal
uppercase	text-uppercase
lowercase	text-lowercase
capitalize	text-capitalize
normal-case	text-none
underline	text-decoration-underline
no-underline	text-decoration-none
truncate	text-truncate
whitespace-nowrap	text-nowrap
whitespace-normal	text-wrap
break-words	fhp-break-words
text-left	text-start
text-right	text-end
text-center	text-center
leading-none	lh-1
leading-tight	lh-sm
leading-snug	lh-sm
leading-normal	lh-base
leading-relaxed	lh-lg
text-base	fs-6
text-xl	fs-5
text-2xl	fs-4
text-3xl	fs-3
text-4xl	fs-2
text-5xl	fs-1
text-6xl	fhp-fs-60
text-7xl	fhp-fs-72
text-8xl	fhp-fs-96
text-xs	fhp-fs-12
text-sm	fhp-fs-14
text-13	fhp-fs-13
text-15	fhp-fs-15
text-17	fhp-fs-17
text-20	fhp-fs-20
w-full	w-100
h-full	h-100
w-auto	w-auto
h-auto	h-auto
w-screen	vw-100
max-w-full	mw-100
max-w-none	fhp-maxw-none
min-h-screen	min-vh-100
min-w-full	min-vw-100
h-screen	fhp-h-screen
w-px	fhp-w-1px
h-px	fhp-h-1px
text-white	text-white
text-black	fhp-text-black
text-primary	text-primary
text-secondary	text-secondary
text-success	text-success
text-danger	text-danger
text-warning	text-warning
text-info	text-info
text-body	fhp-text-body
text-muted	text-body-secondary
text-navy	fhp-text-navy
text-body-secondary	text-body-secondary
bg-white	bg-white
bg-black	bg-black
bg-transparent	bg-transparent
bg-primary	bg-primary
bg-secondary	bg-secondary
bg-success	bg-success
bg-danger	bg-danger
bg-warning	bg-warning
bg-navy-black	fhp-bg-navy
bg-body	fhp-bg-body
bg-cover	bg-cover
bg-center	bg-center
bg-no-repeat	bg-no-repeat
bg-fixed	bg-fixed
bg-top	bg-top
bg-bottom	bg-bottom
bg-left	bg-left
bg-right	bg-right
bg-contain	bg-contain
border	border
border-0	border-0
border-t	border-top
border-b	border-bottom
border-l	border-start
border-r	border-end
border-x	border-start border-end
border-y	border-top border-bottom
border-none	border-0
border-primary	border-primary
border-success	border-success
border-danger	border-danger
border-dashed	fhp-border-dashed
border-dotted	fhp-border-dotted
rounded	rounded
rounded-none	rounded-0
rounded-sm	rounded
rounded-md	rounded-3
rounded-lg	rounded-3
rounded-xl	rounded-4
rounded-2xl	rounded-5
rounded-full	rounded-pill
rounded-t-lg	rounded-top-3
rounded-b-lg	rounded-bottom-3
shadow-sm	shadow-sm
shadow	shadow
shadow-md	shadow
shadow-lg	shadow-lg
shadow-xl	shadow-lg
shadow-2xl	shadow-lg
shadow-none	shadow-none
opacity-0	opacity-0
opacity-25	opacity-25
opacity-50	opacity-50
opacity-75	opacity-75
opacity-100	opacity-100
cursor-pointer	fhp-cursor-pointer
cursor-default	fhp-cursor-default
cursor-not-allowed	fhp-cursor-not-allowed
select-none	fhp-select-none
pointer-events-none	fhp-pe-none
pointer-events-auto	fhp-pe-auto
invisible	invisible
visible	visible
fill-current	fhp-fill-current
rotate-180	fhp-rotate-180
rotate-90	fhp-rotate-90
rotate-45	fhp-rotate-45
backdrop-blur-sm	fhp-blur-sm
backdrop-blur-md	fhp-blur-md
ease-in-out	fhp-ease
grid	d-grid
transition	fhp-transition
transition-all	fhp-transition
transition-colors	fhp-transition-colors
transition-transform	fhp-transition-transform
transition-opacity	fhp-transition-opacity
transition-shadow	fhp-transition-shadow
transform	fhp-transform
duration-300	fhp-dur300
duration-500	fhp-dur500
duration-700	fhp-dur700
duration-1000	fhp-dur1000
group	fhp-group


m-0.5	fhp-m-2
mt-0.5	fhp-mt-2
mb-0.5	fhp-mb-2
ml-0.5	fhp-ml-2
mr-0.5	fhp-mr-2
mx-0.5	fhp-mx-2
my-0.5	fhp-my-2
ms-0.5	fhp-ms-2
me-0.5	fhp-me-2
p-0.5	fhp-p-2
pt-0.5	fhp-pt-2
pb-0.5	fhp-pb-2
pl-0.5	fhp-pl-2
pr-0.5	fhp-pr-2
px-0.5	fhp-px-2
py-0.5	fhp-py-2
ps-0.5	fhp-ps-2
pe-0.5	fhp-pe-2
gap-0.5	fhp-gap-2
m-1	m-1
mt-1	mt-1
mb-1	mb-1
ml-1	ms-1
mr-1	me-1
mx-1	mx-1
my-1	my-1
ms-1	ms-1
me-1	me-1
p-1	p-1
pt-1	pt-1
pb-1	pb-1
pl-1	pl-1
pr-1	pr-1
px-1	px-1
py-1	py-1
ps-1	ps-1
pe-1	pe-1
gap-1	gap-1
m-1.5	fhp-m-6
mt-1.5	fhp-mt-6
mb-1.5	fhp-mb-6
ml-1.5	fhp-ml-6
mr-1.5	fhp-mr-6
mx-1.5	fhp-mx-6
my-1.5	fhp-my-6
ms-1.5	fhp-ms-6
me-1.5	fhp-me-6
p-1.5	fhp-p-6
pt-1.5	fhp-pt-6
pb-1.5	fhp-pb-6
pl-1.5	fhp-pl-6
pr-1.5	fhp-pr-6
px-1.5	fhp-px-6
py-1.5	fhp-py-6
ps-1.5	fhp-ps-6
pe-1.5	fhp-pe-6
gap-1.5	fhp-gap-6
m-2	m-2
mt-2	mt-2
mb-2	mb-2
ml-2	ms-2
mr-2	me-2
mx-2	mx-2
my-2	my-2
ms-2	ms-2
me-2	me-2
p-2	p-2
pt-2	pt-2
pb-2	pb-2
pl-2	pl-2
pr-2	pr-2
px-2	px-2
py-2	py-2
ps-2	ps-2
pe-2	pe-2
gap-2	gap-2
m-2.5	fhp-m-10
mt-2.5	fhp-mt-10
mb-2.5	fhp-mb-10
ml-2.5	fhp-ml-10
mr-2.5	fhp-mr-10
mx-2.5	fhp-mx-10
my-2.5	fhp-my-10
ms-2.5	fhp-ms-10
me-2.5	fhp-me-10
p-2.5	fhp-p-10
pt-2.5	fhp-pt-10
pb-2.5	fhp-pb-10
pl-2.5	fhp-pl-10
pr-2.5	fhp-pr-10
px-2.5	fhp-px-10
py-2.5	fhp-py-10
ps-2.5	fhp-ps-10
pe-2.5	fhp-pe-10
gap-2.5	fhp-gap-10
m-3	fhp-m-12
mt-3	fhp-mt-12
mb-3	fhp-mb-12
ml-3	fhp-ml-12
mr-3	fhp-mr-12
mx-3	fhp-mx-12
my-3	fhp-my-12
ms-3	fhp-ms-12
me-3	fhp-me-12
p-3	fhp-p-12
pt-3	fhp-pt-12
pb-3	fhp-pb-12
pl-3	fhp-pl-12
pr-3	fhp-pr-12
px-3	fhp-px-12
py-3	fhp-py-12
ps-3	fhp-ps-12
pe-3	fhp-pe-12
gap-3	fhp-gap-12
m-3.5	fhp-m-14
mt-3.5	fhp-mt-14
mb-3.5	fhp-mb-14
ml-3.5	fhp-ml-14
mr-3.5	fhp-mr-14
mx-3.5	fhp-mx-14
my-3.5	fhp-my-14
ms-3.5	fhp-ms-14
me-3.5	fhp-me-14
p-3.5	fhp-p-14
pt-3.5	fhp-pt-14
pb-3.5	fhp-pb-14
pl-3.5	fhp-pl-14
pr-3.5	fhp-pr-14
px-3.5	fhp-px-14
py-3.5	fhp-py-14
ps-3.5	fhp-ps-14
pe-3.5	fhp-pe-14
gap-3.5	fhp-gap-14
m-4	m-3
mt-4	mt-3
mb-4	mb-3
ml-4	ms-3
mr-4	me-3
mx-4	mx-3
my-4	my-3
ms-4	ms-3
me-4	me-3
p-4	p-3
pt-4	pt-3
pb-4	pb-3
pl-4	pl-3
pr-4	pr-3
px-4	px-3
py-4	py-3
ps-4	ps-3
pe-4	pe-3
gap-4	gap-3
m-5	fhp-m-20
mt-5	fhp-mt-20
mb-5	fhp-mb-20
ml-5	fhp-ml-20
mr-5	fhp-mr-20
mx-5	fhp-mx-20
my-5	fhp-my-20
ms-5	fhp-ms-20
me-5	fhp-me-20
p-5	fhp-p-20
pt-5	fhp-pt-20
pb-5	fhp-pb-20
pl-5	fhp-pl-20
pr-5	fhp-pr-20
px-5	fhp-px-20
py-5	fhp-py-20
ps-5	fhp-ps-20
pe-5	fhp-pe-20
gap-5	fhp-gap-20
m-6	m-4
mt-6	mt-4
mb-6	mb-4
ml-6	ms-4
mr-6	me-4
mx-6	mx-4
my-6	my-4
ms-6	ms-4
me-6	me-4
p-6	p-4
pt-6	pt-4
pb-6	pb-4
pl-6	pl-4
pr-6	pr-4
px-6	px-4
py-6	py-4
ps-6	ps-4
pe-6	pe-4
gap-6	gap-4
m-7	fhp-m-28
mt-7	fhp-mt-28
mb-7	fhp-mb-28
ml-7	fhp-ml-28
mr-7	fhp-mr-28
mx-7	fhp-mx-28
my-7	fhp-my-28
ms-7	fhp-ms-28
me-7	fhp-me-28
p-7	fhp-p-28
pt-7	fhp-pt-28
pb-7	fhp-pb-28
pl-7	fhp-pl-28
pr-7	fhp-pr-28
px-7	fhp-px-28
py-7	fhp-py-28
ps-7	fhp-ps-28
pe-7	fhp-pe-28
gap-7	fhp-gap-28
m-8	fhp-m-32
mt-8	fhp-mt-32
mb-8	fhp-mb-32
ml-8	fhp-ml-32
mr-8	fhp-mr-32
mx-8	fhp-mx-32
my-8	fhp-my-32
ms-8	fhp-ms-32
me-8	fhp-me-32
p-8	fhp-p-32
pt-8	fhp-pt-32
pb-8	fhp-pb-32
pl-8	fhp-pl-32
pr-8	fhp-pr-32
px-8	fhp-px-32
py-8	fhp-py-32
ps-8	fhp-ps-32
pe-8	fhp-pe-32
gap-8	fhp-gap-32
m-9	fhp-m-36
mt-9	fhp-mt-36
mb-9	fhp-mb-36
ml-9	fhp-ml-36
mr-9	fhp-mr-36
mx-9	fhp-mx-36
my-9	fhp-my-36
ms-9	fhp-ms-36
me-9	fhp-me-36
p-9	fhp-p-36
pt-9	fhp-pt-36
pb-9	fhp-pb-36
pl-9	fhp-pl-36
pr-9	fhp-pr-36
px-9	fhp-px-36
py-9	fhp-py-36
ps-9	fhp-ps-36
pe-9	fhp-pe-36
gap-9	fhp-gap-36
m-10	fhp-m-40
mt-10	fhp-mt-40
mb-10	fhp-mb-40
ml-10	fhp-ml-40
mr-10	fhp-mr-40
mx-10	fhp-mx-40
my-10	fhp-my-40
ms-10	fhp-ms-40
me-10	fhp-me-40
p-10	fhp-p-40
pt-10	fhp-pt-40
pb-10	fhp-pb-40
pl-10	fhp-pl-40
pr-10	fhp-pr-40
px-10	fhp-px-40
py-10	fhp-py-40
ps-10	fhp-ps-40
pe-10	fhp-pe-40
gap-10	fhp-gap-40
m-11	fhp-m-44
mt-11	fhp-mt-44
mb-11	fhp-mb-44
ml-11	fhp-ml-44
mr-11	fhp-mr-44
mx-11	fhp-mx-44
my-11	fhp-my-44
ms-11	fhp-ms-44
me-11	fhp-me-44
p-11	fhp-p-44
pt-11	fhp-pt-44
pb-11	fhp-pb-44
pl-11	fhp-pl-44
pr-11	fhp-pr-44
px-11	fhp-px-44
py-11	fhp-py-44
ps-11	fhp-ps-44
pe-11	fhp-pe-44
gap-11	fhp-gap-44
m-12	m-5
mt-12	mt-5
mb-12	mb-5
ml-12	ms-5
mr-12	me-5
mx-12	mx-5
my-12	my-5
ms-12	ms-5
me-12	me-5
p-12	p-5
pt-12	pt-5
pb-12	pb-5
pl-12	pl-5
pr-12	pr-5
px-12	px-5
py-12	py-5
ps-12	ps-5
pe-12	pe-5
gap-12	gap-5
m-14	fhp-m-56
mt-14	fhp-mt-56
mb-14	fhp-mb-56
ml-14	fhp-ml-56
mr-14	fhp-mr-56
mx-14	fhp-mx-56
my-14	fhp-my-56
ms-14	fhp-ms-56
me-14	fhp-me-56
p-14	fhp-p-56
pt-14	fhp-pt-56
pb-14	fhp-pb-56
pl-14	fhp-pl-56
pr-14	fhp-pr-56
px-14	fhp-px-56
py-14	fhp-py-56
ps-14	fhp-ps-56
pe-14	fhp-pe-56
gap-14	fhp-gap-56
m-16	fhp-m-64
mt-16	fhp-mt-64
mb-16	fhp-mb-64
ml-16	fhp-ml-64
mr-16	fhp-mr-64
mx-16	fhp-mx-64
my-16	fhp-my-64
ms-16	fhp-ms-64
me-16	fhp-me-64
p-16	fhp-p-64
pt-16	fhp-pt-64
pb-16	fhp-pb-64
pl-16	fhp-pl-64
pr-16	fhp-pr-64
px-16	fhp-px-64
py-16	fhp-py-64
ps-16	fhp-ps-64
pe-16	fhp-pe-64
gap-16	fhp-gap-64
m-20	fhp-m-80
mt-20	fhp-mt-80
mb-20	fhp-mb-80
ml-20	fhp-ml-80
mr-20	fhp-mr-80
mx-20	fhp-mx-80
my-20	fhp-my-80
ms-20	fhp-ms-80
me-20	fhp-me-80
p-20	fhp-p-80
pt-20	fhp-pt-80
pb-20	fhp-pb-80
pl-20	fhp-pl-80
pr-20	fhp-pr-80
px-20	fhp-px-80
py-20	fhp-py-80
ps-20	fhp-ps-80
pe-20	fhp-pe-80
gap-20	fhp-gap-80
m-24	fhp-m-96
mt-24	fhp-mt-96
mb-24	fhp-mb-96
ml-24	fhp-ml-96
mr-24	fhp-mr-96
mx-24	fhp-mx-96
my-24	fhp-my-96
ms-24	fhp-ms-96
me-24	fhp-me-96
p-24	fhp-p-96
pt-24	fhp-pt-96
pb-24	fhp-pb-96
pl-24	fhp-pl-96
pr-24	fhp-pr-96
px-24	fhp-px-96
py-24	fhp-py-96
ps-24	fhp-ps-96
pe-24	fhp-pe-96
gap-24	fhp-gap-96
m-28	fhp-m-112
mt-28	fhp-mt-112
mb-28	fhp-mb-112
ml-28	fhp-ml-112
mr-28	fhp-mr-112
mx-28	fhp-mx-112
my-28	fhp-my-112
ms-28	fhp-ms-112
me-28	fhp-me-112
p-28	fhp-p-112
pt-28	fhp-pt-112
pb-28	fhp-pb-112
pl-28	fhp-pl-112
pr-28	fhp-pr-112
px-28	fhp-px-112
py-28	fhp-py-112
ps-28	fhp-ps-112
pe-28	fhp-pe-112
gap-28	fhp-gap-112
m-32	fhp-m-128
mt-32	fhp-mt-128
mb-32	fhp-mb-128
ml-32	fhp-ml-128
mr-32	fhp-mr-128
mx-32	fhp-mx-128
my-32	fhp-my-128
ms-32	fhp-ms-128
me-32	fhp-me-128
p-32	fhp-p-128
pt-32	fhp-pt-128
pb-32	fhp-pb-128
pl-32	fhp-pl-128
pr-32	fhp-pr-128
px-32	fhp-px-128
py-32	fhp-py-128
ps-32	fhp-ps-128
pe-32	fhp-pe-128
gap-32	fhp-gap-128
m-36	fhp-m-144
mt-36	fhp-mt-144
mb-36	fhp-mb-144
ml-36	fhp-ml-144
mr-36	fhp-mr-144
mx-36	fhp-mx-144
my-36	fhp-my-144
ms-36	fhp-ms-144
me-36	fhp-me-144
p-36	fhp-p-144
pt-36	fhp-pt-144
pb-36	fhp-pb-144
pl-36	fhp-pl-144
pr-36	fhp-pr-144
px-36	fhp-px-144
py-36	fhp-py-144
ps-36	fhp-ps-144
pe-36	fhp-pe-144
gap-36	fhp-gap-144
m-40	fhp-m-160
mt-40	fhp-mt-160
mb-40	fhp-mb-160
ml-40	fhp-ml-160
mr-40	fhp-mr-160
mx-40	fhp-mx-160
my-40	fhp-my-160
ms-40	fhp-ms-160
me-40	fhp-me-160
p-40	fhp-p-160
pt-40	fhp-pt-160
pb-40	fhp-pb-160
pl-40	fhp-pl-160
pr-40	fhp-pr-160
px-40	fhp-px-160
py-40	fhp-py-160
ps-40	fhp-ps-160
pe-40	fhp-pe-160
gap-40	fhp-gap-160
m-48	fhp-m-192
mt-48	fhp-mt-192
mb-48	fhp-mb-192
ml-48	fhp-ml-192
mr-48	fhp-mr-192
mx-48	fhp-mx-192
my-48	fhp-my-192
ms-48	fhp-ms-192
me-48	fhp-me-192
p-48	fhp-p-192
pt-48	fhp-pt-192
pb-48	fhp-pb-192
pl-48	fhp-pl-192
pr-48	fhp-pr-192
px-48	fhp-px-192
py-48	fhp-py-192
ps-48	fhp-ps-192
pe-48	fhp-pe-192
gap-48	fhp-gap-192
m-56	fhp-m-224
mt-56	fhp-mt-224
mb-56	fhp-mb-224
ml-56	fhp-ml-224
mr-56	fhp-mr-224
mx-56	fhp-mx-224
my-56	fhp-my-224
ms-56	fhp-ms-224
me-56	fhp-me-224
p-56	fhp-p-224
pt-56	fhp-pt-224
pb-56	fhp-pb-224
pl-56	fhp-pl-224
pr-56	fhp-pr-224
px-56	fhp-px-224
py-56	fhp-py-224
ps-56	fhp-ps-224
pe-56	fhp-pe-224
gap-56	fhp-gap-224
m-64	fhp-m-256
mt-64	fhp-mt-256
mb-64	fhp-mb-256
ml-64	fhp-ml-256
mr-64	fhp-mr-256
mx-64	fhp-mx-256
my-64	fhp-my-256
ms-64	fhp-ms-256
me-64	fhp-me-256
p-64	fhp-p-256
pt-64	fhp-pt-256
pb-64	fhp-pb-256
pl-64	fhp-pl-256
pr-64	fhp-pr-256
px-64	fhp-px-256
py-64	fhp-py-256
ps-64	fhp-ps-256
pe-64	fhp-pe-256
gap-64	fhp-gap-256
